ID,reaction node position,formula,,
PROTEIN_TRANSLATION_protein,c,20 alanine[c] + 13 arginine[c] + 6 asparagine[c] + 6 aspartate[c] + 194 ATP[c] + 5 cysteine[c] + 13 glutamate[c] + 7 glutamine[c] + 12 glycine[c] + 384 GTP[c] + 385 H2O[c] + 3 histidine[c] + 5 isoleucine[c] + 33 leucine[c] + 8 lysine[c] + 2 methionine[c] + 4 phenylalanine[c] + 11 proline[c] + 12 serine[c] + 11 threonine[c] + 5 tryptophan[c] + 4 tyrosine[c] + 13 valine[c] => ADP[c] + 193 AMP[c] + 384 GDP[c] + 385 H+[c] + 385 Pi[c] + 193 PPi[c] + PROTEIN[c],,
PROTEIN_no_sp,,PROTEIN[c] => ,,
PROTEIN_post_TRANSLOC_3B_2,r,2 H2O[c] + 4.825 BiP-ADP[r] + DNAJC1[r] + PROTEIN-ASNA1-ATP-SEC61C[r] + SEC62[r] + SEC63[r] + SERP1[r] + TRAM1[r] + TRAP[r] => 2 H+[c] + 2 Pi[c] + 2 ASNA1-ADP[c] + PROTEIN-BiP-ADP[r] + Translocase[r],,ENSG00000198356 and ENSG00000058262 and ENSG00000106803 and ENSG00000132432
PROTEIN_post_TRANSLOC_3A_2,r,2 H2O[c] + PROTEIN-ASNA1-ATP-WRB[r] => 2 H+[c] + 2 Pi[c] + 2 ASNA1-ADP[c] + PROTEIN[r] + WRB[r],,ENSG00000198356 and ENSG00000182093
PROTEIN_post_TRANSLOC_3B_1,rm,PROTEIN-ASNA1-ATP[c] + SEC61C[r] => PROTEIN-ASNA1-ATP-SEC61C[r],,(ENSG00000234651 and ENSG00000198668 and ENSG00000198356) or (ENSG00000227761 and ENSG00000198668 and ENSG00000198356) or (ENSG00000096155 and ENSG00000198668 and ENSG00000198356) or (ENSG00000233348 and ENSG00000198668 and ENSG00000198356) or (ENSG00000229524 and ENSG00000198668 and ENSG00000198356) or (ENSG00000204463 and ENSG00000198668 and ENSG00000198356) or (ENSG00000228760 and ENSG00000198668 and ENSG00000198356)
PROTEIN_post_TRANSLOC_3A_1,rm,PROTEIN-ASNA1-ATP[c] + WRB[r] => PROTEIN-ASNA1-ATP-WRB[r],,ENSG00000198356 and ENSG00000058262 and ENSG00000106803 and ENSG00000132432 and ENSG00000008952 and ENSG00000025796 and ENSG00000124151 and ENSG00000124783 and ENSG00000163479 and ENSG00000114850 and ENSG00000180879 and ENSG00000136770 and ENSG00000120742 and ENSG00000044574
PROTEIN_post_TRANSLOC_2,c,2 ASNA1-ATP[c] + PROTEIN-BAT3-CALM[c] => 4 Ca2+[c] + BAT3[c] + CALM[c] + PROTEIN-ASNA1-ATP[c],,(ENSG00000234651 and ENSG00000198668) or (ENSG00000227761 and ENSG00000198668) or (ENSG00000096155 and ENSG00000198668) or (ENSG00000233348 and ENSG00000198668) or (ENSG00000229524 and ENSG00000198668) or (ENSG00000204463 and ENSG00000198668) or (ENSG00000228760 and ENSG00000198668)
PROTEIN_post_TRANSLOC_3B_3,r,4.825 ATP[r] + PROTEIN-BiP-ADP[r] => 4.825 ADP[r] + 4.825 H+[c] + 4.825 BiP-ATP[r] + PROTEIN[r],,ENSG00000198356 and ENSG00000058262 and ENSG00000106803 and ENSG00000132432 and ENSG00000008952 and ENSG00000025796 and ENSG00000124151 and ENSG00000124783 and ENSG00000163479 and ENSG00000114850 and ENSG00000180879 and ENSG00000136770 and ENSG00000120742 and ENSG00000044574
PROTEIN_co_TRANSLOC_6,r,4.825 BiP-ADP[r] + DNAJC1[r] + PROTEIN-SEC61-SPC[r] + SEC62[r] + SEC63[r] + SERP1[r] + TRAM1[r] + TRAP[r] => PROTEIN-BiP-ADP[r] + SPC[r] + Translocase[r],,ENSG00000058262 and ENSG00000106803 and ENSG00000132432 and ENSG00000114902 and ENSG00000118363 and ENSG00000129128 and ENSG00000140612 and ENSG00000166562
PROTEIN_co_TRANSLOC_5,rm,H2O[r] + PROTEIN-SEC61C[c] + SPC[r] => PROTEIN-SEC61-SPC[r] + PROTEIN-sp[r],,ENSG00000140319 and ENSG00000153037 and ENSG00000100883 and ENSG00000167881 and ENSG00000174780 and ENSG00000182934 and ENSG00000058262 and ENSG00000106803 and ENSG00000132432
PROTEIN_co_TRANSLOC_3,c,2 GTP[c] + PROTEIN-SRP-SRPR-RRBP1[c] + SEC61C[r] => PROTEIN-SRP-SRPR-SEC61C[c] + RRBP1[r],,ENSG00000140319 and ENSG00000153037 and ENSG00000100883 and ENSG00000167881 and ENSG00000174780 and ENSG00000182934 and ENSG00000125844
PROTEIN_co_TRANSLOC_4,c,2 H2O[c] + PROTEIN-SRP-SRPR-SEC61C[c] => 2 GDP[c] + 2 H+[c] + 2 Pi[c] + PROTEIN-SEC61C[c] + SRP14[c] + SRP19[c] + SRP54[c] + SRP68[c] + SRP72[c] + SRPRA[r] + SRPRB[r],,ENSG00000140319 and ENSG00000153037 and ENSG00000100883 and ENSG00000167881 and ENSG00000174780 and ENSG00000182934 and ENSG00000058262 and ENSG00000106803 and ENSG00000132432 and ENSG00000125844
PROTEIN_co_TRANSLOC_2,c,PROTEIN-SRP[c] + RRBP1[r] + SRPR[r] => PROTEIN-SRP-SRPR-RRBP1[c],,ENSG00000140319 and ENSG00000153037 and ENSG00000100883 and ENSG00000167881 and ENSG00000174780
PROTEIN_SP_degradation,rm,22 ATP[c] + 22 H2O[c] + PROTEIN-sp[r] => 22 ADP[c] + alanine[c] + cysteine[c] + glutamate[c] + 2 glycine[c] + 22 H+[c] + histidine[c] + 8 leucine[c] + methionine[c] + 22 Pi[c] + 2 proline[c] + 2 serine[c] + 2 tryptophan[c] + valine[c],,(ENSG00000120725 and ENSG00000044574 and ENSG00000280682) or (ENSG00000120725 and ENSG00000044574 and ENSG00000149428)
PROTEIN_post_TRANSLOC_1,c,4 Ca2+[c] + BAT3[c] + CALM[c] + PROTEIN[c] => PROTEIN-BAT3-CALM[c],,ENSG00000197121
PROTEIN_co_TRANSLOC_1,c,PROTEIN[c] + SRP[c] => PROTEIN-SRP[c],,ENSG00000122705 and ENSG00000175416 and ENSG00000141367 and ENSG00000100280 and ENSG00000072958 and ENSG00000106367 and ENSG00000182287 and ENSG00000166747 and ENSG00000065000 and ENSG00000185009 and ENSG00000070718 and ENSG00000103723 and ENSG00000157823 and ENSG00000166128 and ENSG00000099365 and ENSG00000103496 and ENSG00000178750 and ENSG00000135604 and ENSG00000124222 and ENSG00000143761
PROTEIN_Start_DSB,r,PROTEIN[r] => PROTEIN_preDSB[r],,
PROTEIN_PDI_1,r,P4HB-ox[r] + PROTEIN_preDSB[r] => PROTEIN-ds-P4HB-ox[r],,ENSG00000177239 or ENSG00000198162
PROTEIN_PDI_2,r,PROTEIN-ds-P4HB-ox[r] => P4HB[r] + PROTEIN_DSB[r],,
PROTEIN_Start_GPI,r,PROTEIN_DSB[r] => PROTEIN_preGPI[r],,
PROTEIN_GPI_Transfer_A1,r,gpi heparan sulfate[r] + PROTEIN_preGPI[r] => gpi_sig[r] + PROTEIN-gpi_hs[r],,ENSG00000126091
PROTEIN_GPI_Transfer_A2,r,H2O[r] + PROTEIN-gpi_hs[r] => H+[r] + palmitate[r] + PROTEIN-dgpi_hs[r],,ENSG00000142892 and ENSG00000124155 and ENSG00000087111 and ENSG00000101464 and ENSG00000197858
PROTEIN_Start_NG,r,PROTEIN-dgpi_hs[r] => PROTEIN_preNG[r],,
PROTEIN_ERNG,r,(Glc)3 (GlcNAc)2 (Man)9 (PP-Dol)1[r] + OST[r] + PROTEIN_preNG[r] => dolichyl-diphosphate[r] + H+[r] + DAD1[r] + DDOST[r] + PROTEIN-G3M9[r] + RPN1[r] + RPN2[r] + STT3A[r] + STT3B[r],,ENSG00000244038 and ENSG00000175166 and ENSG00000173692 and ENSG00000129562 and ENSG00000134910 and ENSG00000163527
PROTEIN_Mannosidase_1C,r,H2O[r] + PROTEIN-M9-misfold[r] => mannose[r] + PROTEIN-M8C-misfold[r],,ENSG00000244038 and ENSG00000175166 and ENSG00000173692 and ENSG00000129562 and ENSG00000134910 and ENSG00000163527
PROTEIN_Mannosidase_1B_misfold,r,H2O[r] + PROTEIN-M8C-misfold[r] => mannose[r] + PROTEIN-M7A-misfold[r],,(ENSG00000177239 and ENSG00000134109) or (ENSG00000177239 and ENSG00000088298) or (ENSG00000177239 and ENSG00000116406)
PROTEIN_Mannosidase_1A_misfold,r,H2O[r] + PROTEIN-M7A-misfold[r] => mannose[r] + PROTEIN-M6-misfold[r],,ENSG00000177239
PROTEIN_Mannosidase_1D_misfold,r,H2O[r] + PROTEIN-M6-misfold[r] => mannose[r] + PROTEIN-M5-misfold[r],,ENSG00000177239
PROTEIN_OS9_recognition,r,BiP-ADP[r] + HSP90B1[r] + OS9[r] + PROTEIN-M5-misfold[r] => PROTEIN-M5-unfold-OS9-BiP-ADP-HSP90B1[r],,ENSG00000177239
PROTEIN_OS9_transfer_SYVN1,r,PROTEIN-M5-unfold-OS9-SEL1[r] + SYVN1[r] => OS9[r] + PROTEIN-M5-unfold-SEL1-SYVN1[r],,ENSG00000135506 and ENSG00000044574 and ENSG00000166598
PROTEIN_Ubiquitination_lumped,r,8 ATP[c] + PROTEIN-M5-unfold-SEL1-SYVN1[r] + UBIQP[c] => 8 AMP[c] + 8 PPi[c] + PROTEIN-M5-unfold-UBIQP-SEL1-SYVN1[r],,ENSG00000135506 and ENSG00000071537 and ENSG00000162298
PROTEIN_retro_TRANSLOC_2,rm,6 ATP[c] + 6 H2O[c] + PROTEIN-M5-unfold-UBIQP-SEL1-SYVN1[r] + retroTranslocase[c] => 6 ADP[c] + 6 Pi[c] + BCAP31[r] + DERL1[r] + DERL3[r] + NPLOC4[c] + PROTEIN-M5-unfold-UBIQP[c] + SEC61C[r] + SEL1[r] + SYVN1[r] + UFD1L[c] + VCP[c] + VIMP[c],,(ENSG00000130985 or ENSG00000081307 or ENSG00000182179) and (ENSG00000109332 or ENSG00000182247 or ENSG00000132388 or ENSG00000184787 or ENSG00000160087) and (ENSG00000145495 or ENSG00000204308 or ENSG00000223767 or ENSG00000228405 or ENSG00000183574 or ENSG00000228907 or ENSG00000225452 or ENSG00000227277 or ENSG00000185345 or (ENSG00000055130 and ENSG00000116661 and ENSG00000113558) or (ENSG00000196470 and ENSG00000181788) or (ENSG00000141510 and ENSG00000066427)) and ENSG00000130939
PROTEIN_Ubiquitination_deglycosylation,c,7 H2O[c] + PROTEIN-M5-unfold-UBIQP[c] + RAD23A[c] => 5 mannose[c] + 2 N-acetylglucosamine[c] + PROTEIN-unfold-UBIQP-RAD23A[c],,(ENSG00000071537 and ENSG00000162298 and ENSG00000182446 and ENSG00000070010 and ENSG00000165280 and ENSG00000136986 and ENSG00000131871 and ENSG00000185825 and ENSG00000274437) or (ENSG00000071537 and ENSG00000162298 and ENSG00000182446 and ENSG00000070010 and ENSG00000165280 and ENSG00000136986 and ENSG00000131871 and ENSG00000185825 and ENSG00000099958)
PROTEIN_Ubiquitination_removal,c,8 H2O[c] + PROTEIN-unfold-UBIQP-RAD23A[c] + Proteasome[c] => PROTEIN-unfold-Proteasome[c] + RAD23A[c] + UBIQP[c],,ENSG00000151092
PROTEIN_Ubiquitination_degradation,c,171 ATP[c] + 171 H2O[c] + PROTEIN-unfold-Proteasome[c] => 171 ADP[c] + alanine[c] + cysteine[c] + glutamate[c] + 2 glycine[c] + 171 H+[c] + histidine[c] + 8 leucine[c] + methionine[c] + 171 Pi[c] + 2 proline[c] + 2 serine[c] + 2 tryptophan[c] + valine[c] + Proteasome[c],,ENSG00000167770 and (ENSG00000129084 or ENSG00000106588 or ENSG00000100567 or ENSG00000041357 or ENSG00000143106 or ENSG00000101182 or ENSG00000154611) and ((ENSG00000281184 or ENSG00000008018) or ENSG00000126067 or (ENSG00000275903 or ENSG00000277791) or ENSG00000159377 or ENSG00000100804 or ENSG00000142507 or ENSG00000136930 or (ENSG00000230669 or ENSG00000236443 or ENSG00000235715 or ENSG00000231631 or ENSG00000204264 or ENSG00000226201 or ENSG00000230034 or ENSG00000206298) or (ENSG00000243958 or ENSG00000240508 or ENSG00000240118 or ENSG00000239836 or ENSG00000243594 or ENSG00000240065 or ENSG00000242711 or ENSG00000243067) or ENSG00000205220 or ENSG00000222028) and ENSG00000183527 and ENSG00000128789 and ENSG00000157778 and ENSG00000180822 and ENSG00000173692 and ENSG00000175166 and ENSG00000095261 and ENSG00000159352 and ENSG00000163636 and ENSG00000103035 and ENSG00000099341 and ENSG00000110801 and ENSG00000101843 and ENSG00000108671 and ENSG00000197170 and ENSG00000185627 and ENSG00000115233
PROTEIN_OS9_binding_SEL1,r,PROTEIN-M5-unfold-OS9-BiP-ADP-HSP90B1[r] + SEL1[r] => BiP-ADP[r] + HSP90B1[r] + PROTEIN-M5-unfold-OS9-SEL1[r],,
PROTEIN_Glucosidase_1,r,H2O[r] + PROTEIN-G3M9[r] => glucose[r] + PROTEIN-G2M9[r],,ENSG00000198356 and ENSG00000182093
PROTEIN_Glucosidase_2,r,H2O[r] + PROTEIN-G2M9[r] => glucose[r] + PROTEIN-preG1M9[r],,ENSG00000115275
PROTEIN_CALR_CANX_folding,r,CALR-Ca2[r] + CANX[r] + PROTEIN-preG1M9[r] => PROTEIN-G1M9-CALR-CANX[r],,ENSG00000089597
PROTEIN_CALR_CANX_release,r,PROTEIN-G1M9-CALR-CANX[r] => CALR-Ca2[r] + CANX[r] + PROTEIN-G1M9[r],,(ENSG00000179218 and ENSG00000283777) or (ENSG00000179218 and ENSG00000127022)
PROTEIN_Glucosidase_3,r,H2O[r] + PROTEIN-G1M9[r] => glucose[r] + PROTEIN-M9[r],,(ENSG00000179218 and ENSG00000283777) or (ENSG00000179218 and ENSG00000127022)
PROTEIN_Glucosidase_3_misfolded,r,PROTEIN-M9[r] => PROTEIN-M9-misfold[r],,ENSG00000089597
PROTEIN_UGGT_Refolding_1,r,UDP-glucose[r] + PROTEIN-M9-misfold[r] + UGGT1[r] => PROTEIN-M9-UGGT1[r],,ENSG00000089597
PROTEIN_UGGT_Refolding_2,r,PROTEIN-M9-UGGT1[r] => UDP[r] + PROTEIN-preG1M9[r] + UGGT1[r],,ENSG00000136731
PROTEIN_Mannosidase_1B,r,H2O[r] + PROTEIN-M9[r] => mannose[r] + PROTEIN-M8B[r],,ENSG00000136731
PROTEIN_GOLGI_MAN1A,g,H2O[g] + PROTEIN-M8B[g] => mannose[g] + PROTEIN-M7[g],,ENSG00000135506 and ENSG00000044574 and ENSG00000166598 and ENSG00000071537
PROTEIN_GOLGI_MAN1B,g,H2O[g] + PROTEIN-M7[g] => mannose[g] + PROTEIN-M6[g],,ENSG00000111885
PROTEIN_GOLGI_MAN1C,g,H2O[g] + PROTEIN-M6[g] => mannose[g] + PROTEIN-M5[g],,ENSG00000198162
PROTEIN_GOLGI_MGAT1,g,UDP-N-acetylglucosamine[g] + PROTEIN-M5[g] => H+[g] + UDP[g] + PROTEIN-M5-GN[g],,ENSG00000117643
PROTEIN_GOLGI_MAN2,g,H2O[g] + PROTEIN-M5-GN[g] => mannose[g] + PROTEIN-M4-GN[g],,ENSG00000131446
PROTEIN_GOLGI_MAN3,g,H2O[g] + PROTEIN-M4-GN[g] => mannose[g] + PROTEIN-M3-GN[g],,ENSG00000196547
PROTEIN_GOLGI_MGAT2,g,UDP-N-acetylglucosamine[g] + PROTEIN-M3-GN[g] => UDP[g] + PROTEIN-M3-GN2[g],,ENSG00000196547
PROTEIN_LMAN1_recognition_A,r,LMAN1L[r] + PROTEIN-M8B[r] => PROTEIN-M8B-LMAN1L[r],,ENSG00000159202 and ENSG00000170310 and ENSG00000168818
PROTEIN_COPII_recruit_A,rm,98 BET1[c] + 7279 PROTEIN-M8B-LMAN1L[r] + 10 RAB1A-GTP[c] + 84 SAR1B-GTP[c] + SEC13[c] + SEC16[c] + 98 SEC22B[c] + SEC23A[c] + SEC24A[c] + SEC31A[c] => PROTEIN-COPII-coated[c],,
PROTEIN_COPII_maturation_A,c,84 H2O[c] + PROTEIN-COPII-coated[c] => 84 Pi[c] + PROTEIN-COPII-uncoated[c] + 84 SAR1B-GDP[c] + SEC13[c] + SEC16[c] + SEC23A[c] + SEC24A[c] + SEC31A[c],,ENSG00000152700 and ENSG00000100934 and ENSG00000113615 and ENSG00000157020 and ENSG00000138674 and ENSG00000138069 and ENSG00000148396 and ENSG00000105829 and ENSG00000265808
PROTEIN_COPII_fusion_A,gm,10 H2O[c] + 98 GOSR1[c] + PROTEIN-COPII-uncoated[c] + 98 STX5[c] => 10 Pi[c] + 98 BET1-SEC22B-GOSR1-STX5[c] + 7279 LMAN1L[r] + 7279 PROTEIN-M8B[g] + 10 RAB1A-GDP[c],,
PROTEIN_GOLGI_MGAT4B,g,3 UDP-N-acetylglucosamine[g] + PROTEIN-M3-GN2[g] => 3 UDP[g] + PROTEIN-M3-GN-GN2[g],,ENSG00000128268
PROTEIN_GOLGI_MGAT5,g,3 UDP-N-acetylglucosamine[g] + PROTEIN-M3-GN-GN2[g] => 3 UDP[g] + PROTEIN-M3-GN2-GN2[g],,ENSG00000161013 or ENSG00000284501
PROTEIN_GOLGI_FUT8_EPO,g,3 GDP-L-fucose[g] + PROTEIN-M3-GN2-GN2[g] => 3 GDP[g] + PROTEIN-M3-GN2-GN2-F[g],,ENSG00000140297 and ENSG00000171155
PROTEIN_GOLGI_GAL_EPO,g,12 UDP-galactose[g] + PROTEIN-M3-GN2-GN2-F[g] => 12 UDP[g] + PROTEIN-M3-GN4-GL4-F[g],,ENSG00000033170
PROTEIN_GOLGI_NEUAC_EPO,g,12 CMP-N-acetylneuraminate[g] + PROTEIN-M3-GN4-GL4-F[g] => 12 CMP[g] + PROTEIN-M3-GN4-GL4-NA4-F[g],,ENSG00000172318 or ENSG00000162630 or ENSG00000183778
PROTEIN_LMAN2_recognition_B,r,LMAN2[r] + PROTEIN-dgpi_hs[r] => PROTEIN-GPI(man)3-LMAN2[r],,ENSG00000140506
PROTEIN_COPII_recruit_B,rm,98 BET1[c] + 7279 PROTEIN-GPI(man)3-LMAN2[r] + 10 RAB1A-GTP[c] + 84 SAR1B-GTP[c] + SEC13[c] + SEC16[c] + 98 SEC22B[c] + SEC23A[c] + SEC24A[c] + SEC31A[c] => PROTEIN-COPII-coated-GPI3[c],,ENSG00000108587 and ENSG00000162236 and ENSG00000265808
PROTEIN_COPII_maturation_B,c,84 H2O[c] + PROTEIN-COPII-coated-GPI3[c] => 84 Pi[c] + PROTEIN-COPII-uncoated-GPI3[c] + 84 SAR1B-GDP[c] + SEC13[c] + SEC16[c] + SEC23A[c] + SEC24A[c] + SEC31A[c],,ENSG00000152700 and ENSG00000100934 and ENSG00000113615 and ENSG00000157020 and ENSG00000138674 and ENSG00000138069 and ENSG00000148396 and ENSG00000105829 and ENSG00000265808
PROTEIN_COPII_fusion_B,gm,10 H2O[c] + 98 GOSR1[c] + PROTEIN-COPII-uncoated-GPI3[c] + 98 STX5[c] => 10 Pi[c] + 98 BET1-SEC22B-GOSR1-STX5[c] + 7279 LMAN2[r] + 7279 PROTEIN-dgpi_hs[g] + 10 RAB1A-GDP[c],,
PROTEIN_LMAN1_recognition_C,r,LMAN1L[r] + PROTEIN_DSB[r] => PROTEIN-LMAN1L[r],,ENSG00000108587 and ENSG00000162236 and ENSG00000265808
PROTEIN_COPII_recruit,rm,98 BET1[c] + 7279 PROTEIN-LMAN1L[r] + 10 RAB1A-GTP[c] + 84 SAR1B-GTP[c] + SEC13[c] + SEC16[c] + 98 SEC22B[c] + SEC23A[c] + SEC24A[c] + SEC31A[c] => PROTEIN-COPII-coated[c],,ENSG00000140506
PROTEIN_COPII_maturation,c,84 H2O[c] + PROTEIN-COPII-coated[c] => 84 Pi[c] + PROTEIN-COPII-uncoated[c] + 84 SAR1B-GDP[c] + SEC13[c] + SEC16[c] + SEC23A[c] + SEC24A[c] + SEC31A[c],,ENSG00000152700 and ENSG00000100934 and ENSG00000113615 and ENSG00000157020 and ENSG00000138674 and ENSG00000138069 and ENSG00000148396 and ENSG00000105829 and ENSG00000265808
PROTEIN_COPII_fusion,gm,10 H2O[c] + 98 GOSR1[c] + PROTEIN-COPII-uncoated[c] + 98 STX5[c] => 10 Pi[c] + 98 BET1-SEC22B-GOSR1-STX5[c] + 7279 LMAN1L[r] + 7279 PROTEIN[g] + 10 RAB1A-GDP[c],,
PROTEIN_LMAN1_recognition_Canonical,r,LMAN1L[r] + PROTEIN[r] => PROTEIN-LMAN1L[r],,ENSG00000140506
PROTEIN_Start_OG_1,g,PROTEIN-M3-GN2[g] => PROTEIN_preOG[g],,
PROTEIN_Start_OG_2,g,PROTEIN-M3-GN4-GL4-NA4-F[g] => PROTEIN_preOG[g],,
PROTEIN_Start_OG_3,g,PROTEIN-dgpi_hs[g] => PROTEIN_preOG[g],,
PROTEIN_Start_OG_4,g,PROTEIN[g] => PROTEIN_preOG[g],,
PROTEIN_GOLGI_O_Gal,g,UDP-N-acetyl-D-galactosamine[g] + PROTEIN_preOG[g] => H+[g] + UDP[g] + PROTEIN-acgal[g],,ENSG00000073849
PROTEIN_GOLGI_O_Core1,g,UDP-galactose[g] + COSMC[g] + PROTEIN-acgal[g] => H+[g] + UDP[g] + PROTEIN-Core1[g],,ENSG00000185274 or ENSG00000164574 or ENSG00000143641 or ENSG00000136542 or ENSG00000182870 or ENSG00000115339 or ENSG00000109586 or ENSG00000178234 or ENSG00000139629 or ENSG00000144278 or ENSG00000141429 or ENSG00000130035 or ENSG00000257594
PROTEIN_GOLGI_O_Core2,g,UDP-N-acetylglucosamine[g] + PROTEIN-Core1[g] => H+[g] + UDP[g] + COSMC[g] + PROTEIN-Core2[g],,ENSG00000106392 and ENSG00000171155
PROTEIN_Final_demand_g,,PROTEIN[g] => ,,
PROTEIN_Final_demand_gm,,PROTEIN[gm] => ,,
PROTEIN_Final_location_gm,g,PROTEIN[g] => PROTEIN[gm],,
PROTEIN_Start_COPI,g,PROTEIN-Core2[g] => PROTEIN_preCOPI[g],,
PROTEIN_COPI_recruit,gm,117 ARF1-GTP[c] + 32 BET1[c] + COPA[c] + COPB1[c] + COPB2[c] + COPD[c] + COPE[c] + COPG[c] + COPZ1[c] + COPZ2[c] + 3904 PROTEIN_preCOPI[g] + 10 RAB1A-GTP[c] + 32 SEC22B[c] => PROTEIN-COPI-coated[c],,ENSG00000122705 and ENSG00000175416 and ENSG00000141367 and ENSG00000100083 and ENSG00000103365 and ENSG00000125447 and ENSG00000154917 and ENSG00000079950 and ENSG00000143761 and ENSG00000135823 and ENSG00000117758
PROTEIN_COPI_maturation,rm,117 H2O[c] + PROTEIN-COPI-coated[c] => 117 Pi[c] + 117 ARF1-GDP[c] + COPA[c] + COPB1[c] + COPB2[c] + COPD[c] + COPE[c] + COPG[c] + COPZ1[c] + COPZ2[c] + PROTEIN-COPI-uncoated[r],,ENSG00000122218 and ENSG00000129083 and ENSG00000184432 and ENSG00000095139 and ENSG00000105669 and ENSG00000181789 and ENSG00000111481 and ENSG00000005243 and ENSG00000138069 and ENSG00000105829 and ENSG00000265808
PROTEIN_COPI_fusion,r,10 H2O[c] + PROTEIN-COPI-uncoated[r] + 32 STX18[c] + 32 STX8[c] + 32 USE1[c] => 10 Pi[c] + 32 BET1-SEC22B-USE1-STX8-STX18[c] + 3904 PROTEIN_mature[r] + 10 RAB1A-GDP[c],,
PROTEIN_Final_demand_r,,PROTEIN_mature[r] => ,,
PROTEIN_Final_location_rm,r,PROTEIN_mature[r] => PROTEIN_mature[rm],,
PROTEIN_Final_demand_rm,,PROTEIN_mature[rm] => ,,
PROTEIN_Start_Clathrin_vesicle,rm,PROTEIN_mature[r] => PROTEIN-preClathrin[g],,
PROTEIN_GOLGI_TO_ENDOSOME_1,gm,24 ARF1-GTP[c] + 120 CLTA[c] + 120 CLTB[c] + 120 CLTC[c] + 6 GGA1[c] + 6 GGA2[c] + 6 GGA3[c] + 811 PROTEIN-preClathrin[g] + 20 RAB6B-GTP[c] + STX7[c] => PROTEIN-GGA-coated[c],,
PROTEIN_GOLGI_TO_ENDOSOME_2,c,44 H2O[c] + PROTEIN-GGA-coated[c] + STX12[c] + STX6[c] => 44 Pi[c] + 24 ARF1-GDP[c] + 120 CLTA[c] + 120 CLTB[c] + 120 CLTC[c] + 6 GGA1[c] + 6 GGA2[c] + 6 GGA3[c] + 811 PROTEIN_mature[cv] + 20 RAB6B-GDP[c] + STX6712[c],,ENSG00000122705 and ENSG00000175416 and ENSG00000141367 and ENSG00000100083 and ENSG00000103365 and ENSG00000125447 and ENSG00000154917 and ENSG00000079950 and ENSG00000143761
PROTEIN_Final_location_p,c,PROTEIN_mature[cv] => PROTEIN_mature[p],,
PROTEIN_Final_demand_p,,PROTEIN_mature[p] => ,,
PROTEIN_Final_location_l,c,PROTEIN_mature[cv] => PROTEIN_mature[l],,
PROTEIN_Final_demand_l,,PROTEIN_mature[l] => ,,
PROTEIN_Start_Secretion,c,PROTEIN_mature[cv] => PROTEIN-preSV[g],,
PROTEIN_SECRETION_1,gm,38 AP1B1[c] + 38 AP1G1[c] + 38 AP1M1[c] + 38 AP1S1[c] + 38 AP1S2[c] + 38 AP3B2[c] + 38 AP3D1[c] + 38 AP3M1[c] + 38 AP3M2[c] + 38 AP3S2[c] + 24 ARF1-GTP[c] + 120 CLTA[c] + 120 CLTB[c] + 120 CLTC[c] + EXOCYST[c] + 811 PROTEIN-preSV[g] + 20 RAB8B-GTP[c] + STX1B[c] + STX4[c] => PROTEIN-AP-coated[c],,ENSG00000185624
PROTEIN_SECRETION_2,c,44 H2O[c] + PROTEIN-AP-coated[c] + STX11[c] + STX16[c] + STX19[c] => 44 H+[c] + 44 Pi[c] + 38 AP1B1[c] + 38 AP1G1[c] + 38 AP1M1[c] + 38 AP1S1[c] + 38 AP1S2[c] + 38 AP3B2[c] + 38 AP3D1[c] + 38 AP3M1[c] + 38 AP3M2[c] + 38 AP3S2[c] + 24 ARF1-GDP[c] + 120 CLTA[c] + 120 CLTB[c] + 120 CLTC[c] + EXOCYST[c] + 811 PROTEIN_mature[sv] + 20 RAB8B-GDP[c] + STX1B4111619[c],,ENSG00000122705 and ENSG00000175416 and ENSG00000141367 and ENSG00000100280 and ENSG00000072958 and ENSG00000106367 and ENSG00000182287 and ENSG00000166747 and ENSG00000065000 and ENSG00000185009 and ENSG00000070718 and ENSG00000103723 and ENSG00000157823 and ENSG00000166128 and ENSG00000099365 and ENSG00000103496 and ENSG00000143761
PROTEIN_Final_location_s,c,PROTEIN_mature[sv] => PROTEIN_mature[s],,
PROTEIN_Final_demand_s,,PROTEIN_mature[s] => ,,
SEC61C,r,SEC61A1[r] + SEC61B[r] + SEC61G[r] => SEC61C[r],,ENSG00000058262 and ENSG00000106803 and ENSG00000132432
TRAP,r,SSR1[r] + SSR2[r] + SSR3[r] + SSR4[r] => TRAP[r],,ENSG00000124783 and ENSG00000163479 and ENSG00000114850 and ENSG00000180879
ARF1_gdp_binding,c,GDP[c] + ARF1[c] => ARF1-GDP[c],,ENSG00000143761
ARF1_activation,c,GTP[c] + ARF1-GDP[c] => GDP[c] + ARF1-GTP[c],,ENSG00000107862 and ENSG00000143761
ARF1_gdp_degradation,,ARF1-GDP[c] => ,,ENSG00000143761
SAR1B_gdp_binding,c,GDP[c] + SAR1B[c] => SAR1B-GDP[c],,ENSG00000152700
SAR1B_activation,c,GTP[c] + SAR1B-GDP[c] => GDP[c] + SAR1B-GTP[c],,ENSG00000138073 and ENSG00000152700
SAR1B_gdp_degradation,,SAR1B-GDP[c] => ,,ENSG00000152700
RAB1A_gdp_binding,c,GDP[c] + RAB1A[c] => RAB1A-GDP[c],,ENSG00000138069
RAB6B_gdp_binding,c,GDP[c] + RAB6B[c] => RAB6B-GDP[c],,ENSG00000154917
RAB8B_gdp_binding,c,GDP[c] + RAB8B[c] => RAB8B-GDP[c],,ENSG00000166128
RAB1A_gdp_degradation,,RAB1A-GDP[c] => ,,ENSG00000138069
RAB6B_gdp_degradation,,RAB6B-GDP[c] => ,,ENSG00000154917
RAB8B_gdp_degradation,,RAB8B-GDP[c] => ,,ENSG00000166128
RAB1A_activation,c,GTP[c] + RAB1A-GDP[c] => GDP[c] + RAB1A-GTP[c],,(ENSG00000170043 and ENSG00000141510 and ENSG00000054116 and ENSG00000181029 and ENSG00000007255 and ENSG00000182400 and ENSG00000141510 and ENSG00000196655) or (ENSG00000170043 and ENSG00000141510 and ENSG00000054116 and ENSG00000181029 and ENSG00000007255 and ENSG00000182400 and ENSG00000141510 and ENSG00000280495)
RAB6B_activation,c,GTP[c] + RAB6B-GDP[c] => GDP[c] + RAB6B-GTP[c],,(ENSG00000170043 and ENSG00000141510 and ENSG00000054116 and ENSG00000181029 and ENSG00000007255 and ENSG00000182400 and ENSG00000141510 and ENSG00000196655) or (ENSG00000170043 and ENSG00000141510 and ENSG00000054116 and ENSG00000181029 and ENSG00000007255 and ENSG00000182400 and ENSG00000141510 and ENSG00000280495)
RAB8B_activation,c,GTP[c] + RAB8B-GDP[c] => GDP[c] + RAB8B-GTP[c],,(ENSG00000170043 and ENSG00000141510 and ENSG00000054116 and ENSG00000181029 and ENSG00000007255 and ENSG00000182400 and ENSG00000141510 and ENSG00000196655) or (ENSG00000170043 and ENSG00000141510 and ENSG00000054116 and ENSG00000181029 and ENSG00000007255 and ENSG00000182400 and ENSG00000141510 and ENSG00000280495)
BiP_NEF,r,ATP[r] + BiP-ADP[r] => ADP[r] + BiP-ATP[r],,(ENSG00000120725 and ENSG00000044574 and ENSG00000280682) or (ENSG00000120725 and ENSG00000044574 and ENSG00000149428)
BiP_ATPase,r,H2O[r] + BiP-ATP[r] => Pi[r] + BiP-ADP[r],,ENSG00000044574
BiP_atp_formation,r,ATP[r] + BiP[r] => BiP-ATP[r],,ENSG00000044574
BiP_adp_degradation,,BiP-ADP[r] => ,,ENSG00000044574
GOLGI_TO_ENDOSOME_3,c,ATP[c] + H2O[c] + NAPA[c] + 6 NSF[c] + STX6712[c] => ADP[c] + Pi[c] + NSF(6)NAPA[c] + STX12[c] + STX6[c] + STX7[c],,(ENSG00000105402 and ENSG00000278174) or (ENSG00000105402 and ENSG00000276262) or (ENSG00000105402 and ENSG00000073969)
COPI_recycling,c,ATP[c] + H2O[c] + BET1-SEC22B-USE1-STX8-STX18[c] + NAPA[c] + 6 NSF[c] => ADP[c] + Pi[c] + BET1[c] + NSF(6)NAPA[c] + SEC22B[c] + STX18[c] + STX8[c] + USE1[c],,(ENSG00000105402 and ENSG00000278174) or (ENSG00000105402 and ENSG00000276262) or (ENSG00000105402 and ENSG00000073969)
COPII_recycling,c,ATP[c] + H2O[c] + BET1-SEC22B-GOSR1-STX5[c] + NAPA[c] + 6 NSF[c] => ADP[c] + Pi[c] + BET1[c] + GOSR1[c] + NSF(6)NAPA[c] + SEC22B[c] + STX5[c],,(ENSG00000105402 and ENSG00000278174) or (ENSG00000105402 and ENSG00000276262) or (ENSG00000105402 and ENSG00000073969)
NSF_dissociation,c,NSF(6)NAPA[c] => NAPA[c] + 6 NSF[c],,(ENSG00000105402 and ENSG00000278174) or (ENSG00000105402 and ENSG00000276262) or (ENSG00000105402 and ENSG00000073969)
retro_TRANSLOC_1,rm,BCAP31[r] + DERL1[r] + DERL3[r] + NPLOC4[c] + SEC61C[r] + UFD1L[c] + VCP[c] + VIMP[c] => retroTranslocase[c],,(ENSG00000182446 and ENSG00000070010 and ENSG00000165280 and ENSG00000136986 and ENSG00000131871 and ENSG00000058262 and ENSG00000106803 and ENSG00000132432 and ENSG00000185825 and ENSG00000099958) or (ENSG00000182446 and ENSG00000070010 and ENSG00000165280 and ENSG00000136986 and ENSG00000131871 and ENSG00000058262 and ENSG00000106803 and ENSG00000132432 and ENSG00000185825 and ENSG00000274437)
Proteasome_complex,c,PROASCHAP1[c] + PROASCHAP2[c] + PROASCHAP3[c] + PROASCHAP4[c] + 14 PROTA[c] + 14 PROTB[c] + 2 PROTREG10[c] + 2 PROTREG11[c] + 2 PROTREG12[c] + 2 PROTREG13[c] + 2 PROTREG14[c] + 2 PROTREG4[c] + 2 PROTREG5[c] + 2 PROTREG6[c] + 2 PROTREG7[c] + 2 PROTREG8[c] + 2 PROTREG9[c] => Proteasome[c],,(ENSG00000129084 or ENSG00000106588 or ENSG00000100567 or ENSG00000041357 or ENSG00000143106 or ENSG00000101182 or ENSG00000154611) and ((ENSG00000281184 or ENSG00000008018) or ENSG00000126067 or ENSG00000275903) or ENSG00000277791 or ENSG00000159377 or ENSG00000100804 or ENSG00000142507 or ENSG00000136930 or (ENSG00000230669 or ENSG00000236443 or ENSG00000235715 or ENSG00000231631 or ENSG00000204264 or ENSG00000226201 or ENSG00000230034 or ENSG00000206298) or (ENSG00000243958 or ENSG00000240508 or ENSG00000240118 or ENSG00000239836 or ENSG00000243594 or ENSG00000240065 or ENSG00000242711 or ENSG00000243067 or ENSG00000205220 or ENSG00000222028) and ENSG00000183527 and ENSG00000128789 and ENSG00000157778 and ENSG00000180822 and ENSG00000173692 and ENSG00000175166 and ENSG00000095261 and ENSG00000159352 and ENSG00000163636 and ENSG00000103035 and ENSG00000099341 and ENSG00000110801 and ENSG00000101843 and ENSG00000108671 and ENSG00000197170 and ENSG00000185627 and ENSG00000115233
ASNA1_atp,c,ATP[c] + ASNA1-ADP[c] => ADP[c] + ASNA1-ATP[c],,ENSG00000198356
ASNA1_adp_degradation,,ASNA1-ADP[c] => ,,ENSG00000198356
ASNA1_formation,c,ATP[c] + ASNA1[c] => ASNA1-ATP[c],,ENSG00000198356
CALR_Ca2,r,CALR[r] + Ca2+[r] => CALR-Ca2[r],,ENSG00000179218
CALR_Ca2_degradation,,CALR-Ca2[r] => ,,ENSG00000179218
GTHOX_CtoR_transport,rm,GSSG[c] => GSSG[r],,
PDI_reoxidation_GSSG,r,GSSG[r] + P4HB[r] => 2 GSH[r] + P4HB-ox[r],,ENSG00000185624
PDI_reoxidation_ERO1LB,r,ERO1LB-ox[r] + P4HB[r] => ERO1LB[r] + P4HB-ox[r],,ENSG00000185624 and ENSG00000086619
PDI_reoxidation_H2O2,r,H2O2[r] + P4HB[r] => 2 H2O[r] + P4HB-ox[r],,ENSG00000185624
ERO1LB_reoxidation_1,r,O2[r] + ERO1LB[r] => H2O2[r] + ERO1LB-ox[r],,ENSG00000086619
ERO1A_reoxidation_1,r,O2[r] + ERO1A[r] => H2O2[r] + ERO1A-ox[r],,ENSG00000197930
PDI_reoxidation_ERO1A,r,ERO1A-ox[r] + P4HB[r] => ERO1A[r] + P4HB-ox[r],,ENSG00000185624 and ENSG00000197930
EXOCYST_COMPLEX,c,EXOC1[c] + EXOC2[c] + EXOC3[c] + EXOC4[c] + EXOC5[c] + EXOC6B[c] + EXOC7[c] + EXOC8[c] => EXOCYST[c],,ENSG00000182473 and ENSG00000112685 and ENSG00000180104 and ENSG00000131558 and ENSG00000070367 and ENSG00000144036 and ENSG00000182473 and ENSG00000116903
EXOCYST_degradation,,EXOCYST[c] => ,,ENSG00000182473 and ENSG00000112685 and ENSG00000180104 and ENSG00000131558 and ENSG00000070367 and ENSG00000144036 and ENSG00000182473 and ENSG00000116903
SECRETION_3,c,ATP[c] + H2O[c] + NAPA[c] + 6 NSF[c] + STX1B4111619[c] => ADP[c] + H+[c] + Pi[c] + NSF(6)NAPA[c] + STX11[c] + STX16[c] + STX19[c] + STX1B[c] + STX4[c],,(ENSG00000105402 and ENSG00000278174) or (ENSG00000105402 and ENSG00000276262) or (ENSG00000105402 and ENSG00000073969)
SRP,c,SRP14[c] + SRP19[c] + SRP54[c] + SRP68[c] + SRP72[c] => SRP[c],,ENSG00000140319 and ENSG00000153037 and ENSG00000100883 and ENSG00000167881 and ENSG00000174780
SRPR,r,SRPRA[r] + SRPRB[r] => SRPR[r],,ENSG00000182934 and ENSG00000144867
SPC,r,SEC11A[r] + SEC11C[r] + SPCS1[r] + SPCS2[r] + SPCS3[r] => SPC[r],,ENSG00000114902 and ENSG00000118363 and ENSG00000129128 and ENSG00000140612 and ENSG00000166562
SPC_degradation,,SPC[r] => ,,ENSG00000114902 and ENSG00000118363 and ENSG00000129128 and ENSG00000140612 and ENSG00000166562
co_TRANSLOC_7,r,Translocase[r] => DNAJC1[r] + SEC61C[r] + SEC62[r] + SEC63[r] + SERP1[r] + TRAM1[r] + TRAP[r],,ENSG00000058262 and ENSG00000106803 and ENSG00000132432 and ENSG00000008952 and ENSG00000025796 and ENSG00000124151 and ENSG00000124783 and ENSG00000163479 and ENSG00000114850 and ENSG00000180879 and ENSG00000136770 and ENSG00000120742
TRAP_degradation,,TRAP[r] => ,,ENSG00000124783 and ENSG00000163479 and ENSG00000114850 and ENSG00000180879
OST_complex,r,DAD1[r] + DDOST[r] + RPN1[r] + RPN2[r] + STT3A[r] + STT3B[r] => OST[r],,ENSG00000108587 and ENSG00000162236 and ENSG00000265808
Proteasome_degradation,,Proteasome[c] => ,,(ENSG00000129084 or ENSG00000106588 or ENSG00000100567 or ENSG00000041357 or ENSG00000143106 or ENSG00000101182 or ENSG00000154611) and ((ENSG00000281184 or ENSG00000008018) or ENSG00000126067 or ENSG00000275903) or ENSG00000277791 or ENSG00000159377 or ENSG00000100804 or ENSG00000142507 or ENSG00000136930 or (ENSG00000230669 or ENSG00000236443 or ENSG00000235715 or ENSG00000231631 or ENSG00000204264 or ENSG00000226201 or ENSG00000230034 or ENSG00000206298) or (ENSG00000243958 or ENSG00000240508 or ENSG00000240118 or ENSG00000239836 or ENSG00000243594 or ENSG00000240065 or ENSG00000242711 or ENSG00000243067 or ENSG00000205220 or ENSG00000222028) and ENSG00000183527 and ENSG00000128789 and ENSG00000157778 and ENSG00000180822 and ENSG00000173692 and ENSG00000175166 and ENSG00000095261 and ENSG00000159352 and ENSG00000163636 and ENSG00000103035 and ENSG00000099341 and ENSG00000110801 and ENSG00000101843 and ENSG00000108671 and ENSG00000197170 and ENSG00000185627 and ENSG00000115233
CAATPaser,c,ATP[c] + 2 Ca2+[c] + H2O[c] => ADP[c] + H+[r] + Pi[c] + 2 Ca2+[r],,
PROTA_formation,c,PSMA1[c] + PSMA2[c] + PSMA3[c] + PSMA4[c] + PSMA5[c] + PSMA7[c] + PSMA8[c] => PROTA[c],,
PROTB_formation,c,PROTB10[c] + PROTB11[c] + PROTB9[c] + PSMA8[c] + PSMB1[c] + PSMB2[c] + PSMB3[c] + PSMB4[c] + PSMB5[c] + PSMB6[c] + PSMB7[c] => PROTB[c],,ENSG00000129084 and ENSG00000106588 and ENSG00000100567 and ENSG00000041357 and ENSG00000143106 and ENSG00000101182 and ENSG00000154611
H2O2ter,rm,H2O2[c] <=> H2O2[r],,(ENSG00000281184 or ENSG00000008018) and ENSG00000126067 and (ENSG00000275903 or ENSG00000277791) and ENSG00000159377 and ENSG00000100804 and ENSG00000142507 and ENSG00000136930 and (ENSG00000230669 or ENSG00000236443 or ENSG00000235715 or ENSG00000231631 or ENSG00000204264 or ENSG00000226201 or ENSG00000230034 or ENSG00000206298) and (ENSG00000243958 or ENSG00000240508 or ENSG00000240118 or ENSG00000239836 or ENSG00000243594 or ENSG00000240065 or ENSG00000242711 or ENSG00000243067) and ENSG00000205220 and ENSG00000222028
gdp_trans,gm,GDP[c] <=> GDP[g],,